{
  "train_rmse": 0.9635790457897105,
  "test_rmse": 1.1943740237068425,
  "train_mae": 0.6988013058502911,
  "test_mae": 0.9009923363781995,
  "train_r2": 0.04782728841849171,
  "test_r2": 0.000657056586286564,
  "pairwise_accuracy": 0.5735033186567655,
  "pairwise_pairs": 15217,
  "n_train": 9376,
  "n_test": 4019,
  "split_time": "2025-11-12T00:33:19.800000+00:00",
  "config": {
    "split_quantile": 0.7,
    "model_name": "sentence-transformers/all-MiniLM-L6-v2",
    "batch_size": 32,
    "use_pca": true,
    "pca_components": 64,
    "regressor": "ridge",
    "ridge_alphas": [
      0.01,
      0.1,
      1.0
    ],
    "elasticnet_l1_ratios": [
      0.1,
      0.5,
      0.9
    ],
    "elasticnet_alphas": [
      0.001,
      0.01,
      0.1
    ],
    "mlp_hidden_layers": [
      256,
      128
    ],
    "mlp_max_iter": 400,
    "random_state": 42
  }
}