{
  "train_rmse": 0.9365608600159214,
  "test_rmse": 1.200993812085558,
  "train_mae": 0.686050774555652,
  "test_mae": 0.9092435274519507,
  "train_r2": 0.1004754000820326,
  "test_r2": -0.010451309175469659,
  "pairwise_accuracy": 0.5643030820792535,
  "pairwise_pairs": 15217,
  "n_train": 9376,
  "n_test": 4019,
  "split_time": "2025-11-12T00:33:19.800000+00:00",
  "config": {
    "split_quantile": 0.7,
    "model_name": "sentence-transformers/all-MiniLM-L6-v2",
    "batch_size": 16,
    "use_pca": false,
    "pca_components": 64,
    "regressor": "ridge",
    "ridge_alphas": [
      0.01,
      0.1,
      1.0
    ],
    "elasticnet_l1_ratios": [
      0.1,
      0.5,
      0.9
    ],
    "elasticnet_alphas": [
      0.001,
      0.01,
      0.1
    ],
    "mlp_hidden_layers": [
      256,
      128
    ],
    "mlp_max_iter": 600,
    "random_state": 13
  }
}