{
  "train_rmse": 0.9365674203314246,
  "test_rmse": 1.2008750272163218,
  "train_mae": 0.6859662547617791,
  "test_mae": 0.909118567458829,
  "train_r2": 0.1004627982616958,
  "test_r2": -0.010251440716878557,
  "pairwise_accuracy": 0.5641059341525925,
  "pairwise_pairs": 15217,
  "n_train": 9376,
  "n_test": 4019,
  "split_time": "2025-11-12T00:33:19.800000+00:00",
  "config": {
    "split_quantile": 0.7,
    "model_name": "sentence-transformers/all-MiniLM-L6-v2",
    "batch_size": 16,
    "use_pca": false,
    "pca_components": 64,
    "regressor": "ridge",
    "ridge_alphas": [
      0.1,
      1.0,
      10.0
    ],
    "elasticnet_l1_ratios": [
      0.1,
      0.5,
      0.9
    ],
    "elasticnet_alphas": [
      0.001,
      0.01,
      0.1
    ],
    "mlp_hidden_layers": [
      512,
      256,
      64
    ],
    "mlp_max_iter": 600,
    "random_state": 13
  }
}