stage_a_train_rmse,stage_a_train_r2,stage_a_test_rmse,stage_a_test_r2,stage_b_train_rmse,stage_b_train_r2,stage_b_test_rmse,stage_b_test_r2,residual_residual_mean,residual_residual_std,residual_residual_skew,pairwise_accuracy,pairwise_pairs,fraction,train_count,test_count,stage_a_gap_rmse,stage_b_gap_rmse
8.632597274774662e-13,1.0,1.9335147774732733,-0.11657291611245979,6.183313289484805e-13,0.0,1.9335147774737094,-1.1046013548785396,0.9683083166676014,1.265939340915899,0.952018540419478,,,0.3,2812,4019,1.93351477747241,1.933514777473091
0.575647520658351,0.961399382004091,1.5268287302323689,0.30373791726653343,0.575647520658351,0.0,1.5268287302320718,-0.4787243597116888,0.52230237390764,1.128646475584333,0.9760285196404322,,,0.5,4688,4019,0.9511812095740179,0.9511812095737208
0.7931204678501349,0.9228802848014167,1.3165832572511706,0.48228737737109906,0.7931204678501349,0.0,1.3165832572507838,-0.16101438873619012,0.2604453316752723,1.07043402679348,0.804101052589526,,,0.7,6563,4019,0.5234627894010357,0.5234627894006489
0.957016919434769,0.8756808278453473,1.189972458252295,0.5770725073534886,0.9527452534542292,0.00890712077635114,1.1827144079226515,-0.03539083906006235,0.07651488138291754,1.029645858215655,0.43682188816460576,0.5547670674814377,15219.0,1.0,9376,4019,0.23295553881752606,0.22996915446842225
