{
  "train_rmse": 0.9874826679783363,
  "test_rmse": 1.216835404839543,
  "train_mae": 0.7150194461837147,
  "test_mae": 0.9196135881571806,
  "train_r2": 0.0,
  "test_r2": -0.03728363489003472,
  "n_train": 9376,
  "n_test": 4019,
  "split_time": "2025-11-12T00:31:39",
  "top_positive_features": [],
  "top_negative_features": [],
  "config": {
    "split_quantile": 0.7,
    "tfidf_max_features": 500,
    "tfidf_min_df": 5,
    "tfidf_ngram_range": [
      1,
      2
    ],
    "l1_ratios": [
      0.1,
      0.3,
      0.5,
      0.7,
      0.9
    ],
    "alphas": null,
    "max_iter": 5000,
    "random_state": 42,
    "use_svd_embeddings": true,
    "svd_components": 100
  }
}