{
  "train_rmse": 0.9680608224890858,
  "test_rmse": 1.196365840813748,
  "train_mae": 0.7007065798306091,
  "test_mae": 0.9006827010290115,
  "train_r2": 0.03894924200009198,
  "test_r2": -0.0026788634563648106,
  "pairwise_accuracy": 0.5826104100946372,
  "pairwise_pairs": 15216,
  "n_train": 9376,
  "n_test": 4019,
  "split_time": "2025-11-12T00:33:19.800000+00:00",
  "config": {
    "split_quantile": 0.7,
    "model_name": "sentence-transformers/all-MiniLM-L6-v2",
    "batch_size": 32,
    "use_pca": false,
    "pca_components": 128,
    "regressor": "elasticnet",
    "ridge_alphas": [
      0.1,
      1.0,
      10.0
    ],
    "elasticnet_l1_ratios": [
      0.1,
      0.5,
      0.9
    ],
    "elasticnet_alphas": [
      0.005,
      0.05,
      0.5
    ],
    "mlp_hidden_layers": [
      256,
      128
    ],
    "mlp_max_iter": 400,
    "random_state": 42
  }
}