{
  "train_rmse": 0.9530636061848772,
  "test_rmse": 1.1901349213571022,
  "train_mae": 0.6916925577772636,
  "test_mae": 0.8986841565098695,
  "train_r2": 0.06849581978857588,
  "test_r2": 0.007738254124383781,
  "pairwise_accuracy": 0.5832676130389064,
  "pairwise_pairs": 15216,
  "n_train": 9376,
  "n_test": 4019,
  "split_time": "2025-11-12T00:33:19.800000+00:00",
  "config": {
    "split_quantile": 0.7,
    "model_name": "sentence-transformers/all-MiniLM-L6-v2",
    "batch_size": 32,
    "use_pca": false,
    "pca_components": 128,
    "regressor": "elasticnet",
    "ridge_alphas": [
      0.1,
      1.0,
      10.0
    ],
    "elasticnet_l1_ratios": [
      0.2,
      0.6,
      0.9
    ],
    "elasticnet_alphas": [
      0.005,
      0.05,
      0.5
    ],
    "mlp_hidden_layers": [
      256,
      128
    ],
    "mlp_max_iter": 400,
    "random_state": 42
  }
}