{
  "train_rmse": 0.24607838257936673,
  "test_rmse": 1.2643751025134984,
  "train_mae": 0.1514155149164907,
  "test_mae": 0.966632401745037,
  "train_r2": 0.9379005199776442,
  "test_r2": -0.1199167030767041,
  "pairwise_accuracy": 0.5484655319708222,
  "pairwise_pairs": 15217,
  "n_train": 9376,
  "n_test": 4019,
  "split_time": "2025-11-12T00:33:19.800000+00:00",
  "config": {
    "split_quantile": 0.7,
    "model_name": "sentence-transformers/all-MiniLM-L6-v2",
    "batch_size": 32,
    "use_pca": false,
    "pca_components": 128,
    "regressor": "mlp",
    "ridge_alphas": [
      0.1,
      1.0,
      10.0
    ],
    "elasticnet_l1_ratios": [
      0.1,
      0.5,
      0.9
    ],
    "elasticnet_alphas": [
      0.01,
      0.1,
      1.0
    ],
    "mlp_hidden_layers": [
      256,
      128
    ],
    "mlp_max_iter": 400,
    "random_state": 42
  }
}