{
  "train_rmse": 0.9657371569377231,
  "test_rmse": 1.1932737331551324,
  "train_mae": 0.6988195661547394,
  "test_mae": 0.8983660249498867,
  "train_r2": 0.04355738298959333,
  "test_r2": 0.002497453481434375,
  "pairwise_accuracy": 0.5781034369455215,
  "pairwise_pairs": 15217,
  "n_train": 9376,
  "n_test": 4019,
  "split_time": "2025-11-12T00:33:19.800000+00:00",
  "config": {
    "split_quantile": 0.7,
    "model_name": "sentence-transformers/all-MiniLM-L6-v2",
    "batch_size": 32,
    "use_pca": true,
    "pca_components": 64,
    "regressor": "elasticnet",
    "ridge_alphas": [
      0.1,
      1.0,
      10.0
    ],
    "elasticnet_l1_ratios": [
      0.2,
      0.6,
      0.9
    ],
    "elasticnet_alphas": [
      0.001,
      0.01,
      0.1
    ],
    "mlp_hidden_layers": [
      256,
      128
    ],
    "mlp_max_iter": 400,
    "random_state": 42
  }
}