{
  "train_rmse": 0.9665295965906673,
  "test_rmse": 1.1941234624505666,
  "train_mae": 0.699223768554926,
  "test_mae": 0.8989800127434019,
  "train_r2": 0.04198711304916447,
  "test_r2": 0.0010763060905575328,
  "pairwise_accuracy": 0.5777748570677532,
  "pairwise_pairs": 15217,
  "n_train": 9376,
  "n_test": 4019,
  "split_time": "2025-11-12T00:33:19.800000+00:00",
  "config": {
    "split_quantile": 0.7,
    "model_name": "sentence-transformers/all-MiniLM-L6-v2",
    "batch_size": 32,
    "use_pca": true,
    "pca_components": 64,
    "regressor": "elasticnet",
    "ridge_alphas": [
      0.1,
      1.0,
      10.0
    ],
    "elasticnet_l1_ratios": [
      0.2,
      0.6,
      0.9
    ],
    "elasticnet_alphas": [
      0.005,
      0.05,
      0.5
    ],
    "mlp_hidden_layers": [
      256,
      128
    ],
    "mlp_max_iter": 400,
    "random_state": 42
  }
}