{
  "train_rmse": 0.24443695577286326,
  "test_rmse": 1.3455740173251778,
  "train_mae": 0.1481210205249655,
  "test_mae": 1.0386549384345447,
  "train_r2": 0.9387262064140327,
  "test_r2": -0.26837898018588313,
  "pairwise_accuracy": 0.5328251297890517,
  "pairwise_pairs": 15217,
  "n_train": 9376,
  "n_test": 4019,
  "split_time": "2025-11-12T00:33:19.800000+00:00",
  "config": {
    "split_quantile": 0.7,
    "model_name": "sentence-transformers/all-MiniLM-L6-v2",
    "batch_size": 32,
    "use_pca": true,
    "pca_components": 64,
    "regressor": "mlp",
    "ridge_alphas": [
      0.1,
      1.0,
      10.0
    ],
    "elasticnet_l1_ratios": [
      0.1,
      0.5,
      0.9
    ],
    "elasticnet_alphas": [
      0.01,
      0.1,
      1.0
    ],
    "mlp_hidden_layers": [
      384,
      192
    ],
    "mlp_max_iter": 400,
    "random_state": 42
  }
}