{
  "train_rmse": 0.9567110118941575,
  "test_rmse": 1.2018268447492986,
  "train_mae": 0.6960797562297637,
  "test_mae": 0.909670928736517,
  "train_r2": 0.06135238265382592,
  "test_r2": -0.011853532668114175,
  "pairwise_accuracy": 0.5545114017217586,
  "pairwise_pairs": 15217,
  "n_train": 9376,
  "n_test": 4019,
  "split_time": "2025-11-12T00:33:19.800000+00:00",
  "config": {
    "split_quantile": 0.7,
    "model_name": "sentence-transformers/all-MiniLM-L6-v2",
    "batch_size": 32,
    "use_pca": true,
    "pca_components": 128,
    "regressor": "ridge",
    "ridge_alphas": [
      0.1,
      1.0,
      10.0
    ],
    "elasticnet_l1_ratios": [
      0.1,
      0.5,
      0.9
    ],
    "elasticnet_alphas": [
      0.01,
      0.1,
      1.0
    ],
    "mlp_hidden_layers": [
      256,
      128
    ],
    "mlp_max_iter": 400,
    "random_state": 42
  }
}