{
  "train_rmse": 0.9621007597516605,
  "test_rmse": 1.19644363195832,
  "train_mae": 0.6962814753206851,
  "test_mae": 0.9024078263616515,
  "train_r2": 0.05074662108988193,
  "test_r2": -0.0028092618172048667,
  "pairwise_accuracy": 0.5673260169547217,
  "pairwise_pairs": 15217,
  "n_train": 9376,
  "n_test": 4019,
  "split_time": "2025-11-12T00:33:19.800000+00:00",
  "config": {
    "split_quantile": 0.7,
    "model_name": "sentence-transformers/all-MiniLM-L6-v2",
    "batch_size": 32,
    "use_pca": true,
    "pca_components": 128,
    "regressor": "elasticnet",
    "ridge_alphas": [
      0.1,
      1.0,
      10.0
    ],
    "elasticnet_l1_ratios": [
      0.2,
      0.6,
      0.9
    ],
    "elasticnet_alphas": [
      0.005,
      0.05,
      0.5
    ],
    "mlp_hidden_layers": [
      256,
      128
    ],
    "mlp_max_iter": 400,
    "random_state": 42
  }
}