{
  "train_rmse": 0.23314821582024498,
  "test_rmse": 1.3628600780004672,
  "train_mae": 0.13319335742943517,
  "test_mae": 1.0524296321724507,
  "train_r2": 0.944255088645394,
  "test_r2": -0.30117704023976666,
  "pairwise_accuracy": 0.5134069400630915,
  "pairwise_pairs": 15216,
  "n_train": 9376,
  "n_test": 4019,
  "split_time": "2025-11-12T00:33:19.800000+00:00",
  "config": {
    "split_quantile": 0.7,
    "model_name": "sentence-transformers/all-MiniLM-L6-v2",
    "batch_size": 32,
    "use_pca": true,
    "pca_components": 128,
    "regressor": "mlp",
    "ridge_alphas": [
      0.1,
      1.0,
      10.0
    ],
    "elasticnet_l1_ratios": [
      0.1,
      0.5,
      0.9
    ],
    "elasticnet_alphas": [
      0.01,
      0.1,
      1.0
    ],
    "mlp_hidden_layers": [
      256,
      128
    ],
    "mlp_max_iter": 600,
    "random_state": 42
  }
}