{
  "train_rmse": 0.9074555047133394,
  "test_rmse": 1.2164713851227145,
  "train_mae": 0.6709335508938417,
  "test_mae": 0.9276470673041343,
  "train_r2": 0.1555154365110838,
  "test_r2": -0.03666311511433529,
  "pairwise_accuracy": 0.5565194532071503,
  "pairwise_pairs": 15216,
  "n_train": 9376,
  "n_test": 4019,
  "split_time": "2025-11-12T00:33:19.800000+00:00",
  "config": {
    "split_quantile": 0.7,
    "model_name": "sentence-transformers/all-mpnet-base-v2",
    "batch_size": 32,
    "use_pca": false,
    "pca_components": 128,
    "regressor": "ridge",
    "ridge_alphas": [
      0.1,
      1.0,
      10.0
    ],
    "elasticnet_l1_ratios": [
      0.1,
      0.5,
      0.9
    ],
    "elasticnet_alphas": [
      0.01,
      0.1,
      1.0
    ],
    "mlp_hidden_layers": [
      256,
      128
    ],
    "mlp_max_iter": 400,
    "random_state": 42
  }
}