{
  "train_rmse": 0.9073868555387835,
  "test_rmse": 1.217110455417465,
  "train_mae": 0.6711348093882364,
  "test_mae": 0.928139589287806,
  "train_r2": 0.15564320250085883,
  "test_r2": -0.037752618134596405,
  "pairwise_accuracy": 0.5557308096740273,
  "pairwise_pairs": 15216,
  "n_train": 9376,
  "n_test": 4019,
  "split_time": "2025-11-12T00:33:19.800000+00:00",
  "config": {
    "split_quantile": 0.7,
    "model_name": "sentence-transformers/all-mpnet-base-v2",
    "batch_size": 32,
    "use_pca": false,
    "pca_components": 128,
    "regressor": "ridge",
    "ridge_alphas": [
      0.01,
      0.1,
      1.0
    ],
    "elasticnet_l1_ratios": [
      0.1,
      0.5,
      0.9
    ],
    "elasticnet_alphas": [
      0.01,
      0.1,
      1.0
    ],
    "mlp_hidden_layers": [
      256,
      128
    ],
    "mlp_max_iter": 400,
    "random_state": 42
  }
}