{
  "train_rmse": 0.9461239992411001,
  "test_rmse": 1.190820766234913,
  "train_mae": 0.6850516219713593,
  "test_mae": 0.8995046326938214,
  "train_r2": 0.08201168265477254,
  "test_r2": 0.006594293532995121,
  "pairwise_accuracy": 0.5855678233438486,
  "pairwise_pairs": 15216,
  "n_train": 9376,
  "n_test": 4019,
  "split_time": "2025-11-12T00:33:19.800000+00:00",
  "config": {
    "split_quantile": 0.7,
    "model_name": "sentence-transformers/all-mpnet-base-v2",
    "batch_size": 32,
    "use_pca": false,
    "pca_components": 128,
    "regressor": "elasticnet",
    "ridge_alphas": [
      0.1,
      1.0,
      10.0
    ],
    "elasticnet_l1_ratios": [
      0.1,
      0.5,
      0.9
    ],
    "elasticnet_alphas": [
      0.001,
      0.01,
      0.1
    ],
    "mlp_hidden_layers": [
      256,
      128
    ],
    "mlp_max_iter": 400,
    "random_state": 42
  }
}