{
  "train_rmse": 0.24798015214635521,
  "test_rmse": 1.2612031025202617,
  "train_mae": 0.14794019713121606,
  "test_mae": 0.9595912868244983,
  "train_r2": 0.9369369631439276,
  "test_r2": -0.1143045714274209,
  "pairwise_accuracy": 0.5401853190510613,
  "pairwise_pairs": 15217,
  "n_train": 9376,
  "n_test": 4019,
  "split_time": "2025-11-12T00:33:19.800000+00:00",
  "config": {
    "split_quantile": 0.7,
    "model_name": "sentence-transformers/all-mpnet-base-v2",
    "batch_size": 32,
    "use_pca": false,
    "pca_components": 128,
    "regressor": "mlp",
    "ridge_alphas": [
      0.1,
      1.0,
      10.0
    ],
    "elasticnet_l1_ratios": [
      0.1,
      0.5,
      0.9
    ],
    "elasticnet_alphas": [
      0.01,
      0.1,
      1.0
    ],
    "mlp_hidden_layers": [
      384,
      192
    ],
    "mlp_max_iter": 600,
    "random_state": 42
  }
}