{
  "train_rmse": 0.26954395800662484,
  "test_rmse": 1.3862897313439997,
  "train_mae": 0.17883615443615186,
  "test_mae": 1.0737243723630403,
  "train_r2": 0.9254924575174313,
  "test_r2": -0.34630005632840155,
  "pairwise_accuracy": 0.5368338042978248,
  "pairwise_pairs": 15217,
  "n_train": 9376,
  "n_test": 4019,
  "split_time": "2025-11-12T00:33:19.800000+00:00",
  "config": {
    "split_quantile": 0.7,
    "model_name": "sentence-transformers/all-mpnet-base-v2",
    "batch_size": 32,
    "use_pca": true,
    "pca_components": 64,
    "regressor": "mlp",
    "ridge_alphas": [
      0.1,
      1.0,
      10.0
    ],
    "elasticnet_l1_ratios": [
      0.1,
      0.5,
      0.9
    ],
    "elasticnet_alphas": [
      0.01,
      0.1,
      1.0
    ],
    "mlp_hidden_layers": [
      256,
      128
    ],
    "mlp_max_iter": 600,
    "random_state": 42
  }
}