{
  "train_rmse": 0.9565331535003548,
  "test_rmse": 1.190106408158485,
  "train_mae": 0.6945721512017686,
  "test_mae": 0.8990983714270105,
  "train_r2": 0.061701350811025235,
  "test_r2": 0.0077857986788991695,
  "pairwise_accuracy": 0.5889465729118749,
  "pairwise_pairs": 15217,
  "n_train": 9376,
  "n_test": 4019,
  "split_time": "2025-11-12T00:33:19.800000+00:00",
  "config": {
    "split_quantile": 0.7,
    "model_name": "sentence-transformers/all-mpnet-base-v2",
    "batch_size": 32,
    "use_pca": true,
    "pca_components": 128,
    "regressor": "ridge",
    "ridge_alphas": [
      0.1,
      1.0,
      10.0
    ],
    "elasticnet_l1_ratios": [
      0.1,
      0.5,
      0.9
    ],
    "elasticnet_alphas": [
      0.01,
      0.1,
      1.0
    ],
    "mlp_hidden_layers": [
      256,
      128
    ],
    "mlp_max_iter": 400,
    "random_state": 42
  }
}