{
  "train_rmse": 0.2450060596439691,
  "test_rmse": 1.3292032558769395,
  "train_mae": 0.1491683218074302,
  "test_mae": 1.0227109181749832,
  "train_r2": 0.9384405560962542,
  "test_r2": -0.23770357161234767,
  "pairwise_accuracy": 0.5259249523559177,
  "pairwise_pairs": 15217,
  "n_train": 9376,
  "n_test": 4019,
  "split_time": "2025-11-12T00:33:19.800000+00:00",
  "config": {
    "split_quantile": 0.7,
    "model_name": "sentence-transformers/all-mpnet-base-v2",
    "batch_size": 32,
    "use_pca": true,
    "pca_components": 128,
    "regressor": "mlp",
    "ridge_alphas": [
      0.1,
      1.0,
      10.0
    ],
    "elasticnet_l1_ratios": [
      0.1,
      0.5,
      0.9
    ],
    "elasticnet_alphas": [
      0.01,
      0.1,
      1.0
    ],
    "mlp_hidden_layers": [
      256,
      128
    ],
    "mlp_max_iter": 600,
    "random_state": 42
  }
}