{
  "train_rmse": 0.23003851027795044,
  "test_rmse": 1.28397941970451,
  "train_mae": 0.13147725844864366,
  "test_mae": 0.9857218558500148,
  "train_r2": 0.9457322107904956,
  "test_r2": -0.1549148796616895,
  "pairwise_accuracy": 0.5432739699020832,
  "pairwise_pairs": 15217,
  "n_train": 9376,
  "n_test": 4019,
  "split_time": "2025-11-12T00:33:19.800000+00:00",
  "config": {
    "split_quantile": 0.7,
    "model_name": "sentence-transformers/all-mpnet-base-v2",
    "batch_size": 32,
    "use_pca": true,
    "pca_components": 128,
    "regressor": "mlp",
    "ridge_alphas": [
      0.1,
      1.0,
      10.0
    ],
    "elasticnet_l1_ratios": [
      0.1,
      0.5,
      0.9
    ],
    "elasticnet_alphas": [
      0.01,
      0.1,
      1.0
    ],
    "mlp_hidden_layers": [
      384,
      192
    ],
    "mlp_max_iter": 600,
    "random_state": 42
  }
}